{
  "operator_classes": {
    "Spirit": {
      "classical_element": ["Fire", "Aether"],
      "chinese_element": "Fire",
      "function": "Initiation / Spin",
      "parser_operator": "Define",
      "dimensional_phrase": "I Define",
      "energy_behavior": "expansion",
      "mapping_vector": ["Gate", "Codon", "Tone", "Base", "Element"]
    },
    "Mind": {
      "classical_element": ["Air"],
      "chinese_element": "Metal",
      "function": "Memory / Reflection",
      "parser_operator": "Remember",
      "dimensional_phrase": "I Remember",
      "energy_behavior": "contraction",
      "mapping_vector": ["Gate", "Codon", "Tone", "Base", "Element"]
    },
    "Soul": {
      "classical_element": ["Earth"],
      "chinese_element": "Wood",
      "function": "Structure / Design",
      "parser_operator": "Design",
      "dimensional_phrase": "I Design",
      "energy_behavior": "stabilization",
      "mapping_vector": ["Gate", "Codon", "Tone", "Base", "Element"]
    },
    "Body": {
      "classical_element": ["Water"],
      "chinese_element": "Water",
      "function": "Sensation / Flow",
      "parser_operator": "Be",
      "dimensional_phrase": "I Am",
      "energy_behavior": "flow",
      "mapping_vector": ["Gate", "Codon", "Tone", "Base", "Element"]
    },
    "Heart": {
      "classical_element": ["Void", "Ether"],
      "chinese_element": "Earth/Heaven",
      "function": "Illusion / Rhythm",
      "parser_operator": "Think",
      "dimensional_phrase": "I Think",
      "energy_behavior": "transformation",
      "mapping_vector": ["Gate", "Codon", "Tone", "Base", "Element"]
    }
  },
  "scale_classes": {
    "macro": { "description": "Planetary scale", "frequency_band": "low" },
    "meso":  { "description": "Human psychological scale", "frequency_band": "medium" },
    "micro": { "description": "Neural/molecular scale", "frequency_band": "high" },
    "subquantum": { "description": "Sub-identity torsion", "frequency_band": "ultra-high" }
  }
}